Name,Email
Truda,tcahan0.xinhuanet.com
Janey,jschoffel1@wisc.edu
Quincy,qhansana2@oracle.com
Margarette,mgreenrod3@chicagotribune.com
Erminie,efortnum4@ustream.tv
Cyndie,csiaspinski5@discuz.net
Drusilla,detheredge6@nationalgeographic.com
Myrah,mdavidofski7@about.com
Rosemarie,riannelli8@icq.com
Griff,gbouldstridge9@eventbrite.com
Peta,pfriedlosa@mail.ru
Gerianna,gbarberab@ning.com
Selby,spalfremanc@youku.com
Alvinia,apillifantd@deviantart.com
Kinna,ksimionee@ning.com
Desmund,dcaldecotf@blogger.com
Mic,mcloonang@wisc.edu
Lawton,landerschh@opensource.org
Jobyna,jvani@vimeo.com
Filide,fswaylandj@over-blog.com
